key_field,key_word
后端开发,Java
后端开发,C++
后端开发,PHP
后端开发,数据挖掘
后端开发,搜索算法
后端开发,精准推荐
后端开发,C
后端开发,C#
后端开发,全栈工程师
后端开发,.NET
后端开发,Hadoop
后端开发,Python
后端开发,Delphi
后端开发,VB
后端开发,Perl
后端开发,Ruby
后端开发,Node.js
后端开发,Go
后端开发,ASP
后端开发,Shell
移动开发,HTML5
移动开发,Android
移动开发,iOS
移动开发,WP
前端开发,web前端
前端开发,Flash
前端开发,html5
前端开发,JavaScript
前端开发,U3D
前端开发,COCOS2D-X
人工智能,深度学习
人工智能,机器学习
人工智能,图像处理
人工智能,图像识别
人工智能,语音识别
人工智能,机器视觉
人工智能,算法工程师
人工智能,自然语言处理
测试,测试工程师
测试,自动化测试
测试,功能测试
测试,性能测试
测试,测试开发
测试,游戏测试
测试,白盒测试
测试,灰盒测试
测试,黑盒测试
测试,手机测试
测试,硬件测试
测试,测试经理
运维,运维工程师
运维,运维开发工程师
运维,网络工程师
运维,系统工程师
运维,IT支持
运维,IDC
运维,CDN
运维,F5
运维,系统管理员
运维,病毒分析
运维,WEB安全
运维,网络安全
运维,系统安全
运维,运维经理
DBA,MySQL
DBA,SQLServer
DBA,Oracle
DBA,DB2
DBA,MongoDB
DBA,ETL
DBA,Hive
DBA,数据仓库
高端职位,技术经理
高端职位,技术总监
高端职位,架构师
高端职位,CTO
高端职位,运维总监
高端职位,技术合伙人
高端职位,项目总监
高端职位,测试总监
高端职位,安全专家
项目管理,项目经理
项目管理,项目助理
硬件开发,硬件
硬件开发,嵌入式
硬件开发,自动化
硬件开发,单片机
硬件开发,电路设计
硬件开发,驱动开发
硬件开发,系统集成
硬件开发,FPGA开发
硬件开发,DSP开发
硬件开发,ARM开发
硬件开发,PCB工艺
硬件开发,模具设计
硬件开发,热传导
硬件开发,材料工程师
硬件开发,精益工程师
硬件开发,射频工程师
企业软件,实施工程师
企业软件,售前工程师
企业软件,售后工程师
企业软件,BI工程师
